The Shawshank Redemption,1994.0,142 min,Drama,9.3,Tim Robbins,Morgan Freeman,William Sadler
The Godfather,1972.0,175 min,Crime,9.2,Marlon Brando,Al Pacino,Diane Keaton
The Dark Knight,2008.0,152 min,Action,9.0,Christian Bale,Heath Ledger,Michael Caine
The Godfather: Part II,1974.0,202 min,Crime,9.0,Al Pacino,Robert De Niro,Diane Keaton
12 Angry Men,1957.0,96 min,Crime,9.0,Henry Fonda,Lee J. Cobb,John Fiedler
The Lord of the Rings: The Return of the King,2003.0,201 min,Action,8.9,Elijah Wood,Viggo Mortensen,Orlando Bloom
Pulp Fiction,1994.0,154 min,Crime,8.9,John Travolta,Uma Thurman,Bruce Willis
Schindler's List,1993.0,195 min,Biography,8.9,Liam Neeson,Ralph Fiennes,Caroline Goodall
Inception,2010.0,148 min,Action,8.8,Leonardo DiCaprio,Joseph Gordon-Levitt,Ken Watanabe
Fight Club,1999.0,139 min,Drama,8.8,Brad Pitt,Edward Norton,Zach Grenier
The Lord of the Rings: The Fellowship of the Ring,2001.0,178 min,Action,8.8,Elijah Wood,Ian McKellen,Sean Bean
Forrest Gump,1994.0,142 min,Drama,8.8,Tom Hanks,Robin Wright,Sally Field
The Lord of the Rings: The Two Towers,2002.0,179 min,Action,8.7,Elijah Wood,Ian McKellen,Orlando Bloom
The Matrix,1999.0,136 min,Action,8.7,Keanu Reeves,Carrie-Anne Moss,Laurence Fishburne
Goodfellas,1990.0,146 min,Biography,8.7,Robert De Niro,Ray Liotta,Lorraine Bracco
Star Wars: Episode V - The Empire Strikes Back,1980.0,124 min,Action,8.7,Mark Hamill,Harrison Ford,Billy Dee Williams
One Flew Over the Cuckoo's Nest,1975.0,133 min,Drama,8.7,Jack Nicholson,Louise Fletcher,Peter Brocco
Hamilton,2020.0,160 min,Biography,8.6,Lin-Manuel Miranda,Phillipa Soo,Renée Elise Goldsberry
Interstellar,2014.0,169 min,Adventure,8.6,Matthew McConaughey,Anne Hathaway,Mackenzie Foy
Saving Private Ryan,1998.0,169 min,Drama,8.6,Tom Hanks,Matt Damon,Edward Burns
The Green Mile,1999.0,189 min,Crime,8.6,Tom Hanks,Michael Clarke Duncan,Bonnie Hunt
Se7en,1995.0,127 min,Crime,8.6,Morgan Freeman,Brad Pitt,Andrew Kevin Walker
The Silence of the Lambs,1991.0,118 min,Crime,8.6,Jodie Foster,Anthony Hopkins,Kasi Lemmons
Star Wars,1977.0,121 min,Action,8.6,Mark Hamill,Harrison Ford,Alec Guinness
It's a Wonderful Life,1946.0,130 min,Drama,8.6,James Stewart,Donna Reed,Thomas Mitchell
Joker,2019.0,122 min,Crime,8.5,Joaquin Phoenix,Robert De Niro,Frances Conroy
Whiplash,2014.0,106 min,Drama,8.5,Miles Teller,J.K. Simmons,Paul Reiser
The Prestige,2006.0,130 min,Drama,8.5,Christian Bale,Hugh Jackman,Michael Caine
The Departed,2006.0,151 min,Crime,8.5,Leonardo DiCaprio,Matt Damon,Mark Wahlberg
The Pianist,2002.0,150 min,Biography,8.5,Adrien Brody,Thomas Kretschmann,Emilia Fox
Gladiator,2000.0,155 min,Action,8.5,Russell Crowe,Joaquin Phoenix,Oliver Reed
American History X,1998.0,119 min,Drama,8.5,Edward Norton,Edward Furlong,Jennifer Lien
The Usual Suspects,1995.0,106 min,Crime,8.5,Kevin Spacey,Gabriel Byrne,Stephen Baldwin
The Lion King,1994.0,88 min,Animation,8.5,Matthew Broderick,James Earl Jones,Jeremy Irons
Terminator 2: Judgment Day,1991.0,137 min,Action,8.5,Arnold Schwarzenegger,Linda Hamilton,Robert Patrick
Back to the Future,1985.0,116 min,Adventure,8.5,Michael J. Fox,Christopher Lloyd,Crispin Glover
Once Upon a Time in the West,1968.0,165 min,Western,8.5,Henry Fonda,Charles Bronson,Jason Robards
Psycho,1960.0,109 min,Horror,8.5,Anthony Perkins,Janet Leigh,John Gavin
Casablanca,1942.0,102 min,Drama,8.5,Humphrey Bogart,Ingrid Bergman,Claude Rains
Modern Times,1936.0,87 min,Comedy,8.5,Charles Chaplin,Paulette Goddard,Tiny Sandford
City Lights,1931.0,87 min,Comedy,8.5,Charles Chaplin,Virginia Cherrill,Harry Myers
Spider-Man: Into the Spider-Verse,2018.0,117 min,Animation,8.4,Shameik Moore,Jake Johnson,Hailee Steinfeld
Avengers: Endgame,2019.0,181 min,Action,8.4,Robert Downey Jr.,Chris Evans,Mark Ruffalo
Avengers: Infinity War,2018.0,149 min,Action,8.4,Robert Downey Jr.,Chris Hemsworth,Mark Ruffalo
Coco,2017.0,105 min,Animation,8.4,Anthony Gonzalez,Gael García Bernal,Benjamin Bratt
Django Unchained,2012.0,165 min,Drama,8.4,Jamie Foxx,Christoph Waltz,Kerry Washington
The Dark Knight Rises,2012.0,164 min,Action,8.4,Christian Bale,Tom Hardy,Gary Oldman
WALL-E,2008.0,98 min,Animation,8.4,Ben Burtt,Elissa Knight,Fred Willard
Memento,2000.0,113 min,Mystery,8.4,Guy Pearce,Carrie-Anne Moss,Joe Pantoliano
Once Upon a Time in America,1984.0,229 min,Crime,8.4,Robert De Niro,James Woods,Treat Williams
Raiders of the Lost Ark,1981.0,115 min,Action,8.4,Harrison Ford,Karen Allen,Paul Freeman
The Shining,1980.0,146 min,Drama,8.4,Jack Nicholson,Shelley Duvall,Danny Lloyd
Apocalypse Now,1979.0,147 min,Drama,8.4,Martin Sheen,Marlon Brando,Robert Duvall
Alien,1979.0,117 min,Horror,8.4,Sigourney Weaver,Tom Skerritt,John Hurt
Dr. Strangelove or: How I Learned to Stop Worrying and Love the Bomb,1964.0,95 min,Comedy,8.4,Peter Sellers,George C. Scott,Keenan Wynn
Witness for the Prosecution,1957.0,116 min,Crime,8.4,Tyrone Power,Marlene Dietrich,Elsa Lanchester
Paths of Glory,1957.0,88 min,Drama,8.4,Kirk Douglas,Ralph Meeker,George Macready
Rear Window,1954.0,112 min,Mystery,8.4,James Stewart,Grace Kelly,Thelma Ritter
Sunset Blvd.,1950.0,110 min,Drama,8.4,William Holden,Gloria Swanson,Nancy Olson
The Great Dictator,1940.0,125 min,Comedy,8.4,Charles Chaplin,Paulette Goddard,Reginald Gardiner
1917,2019.0,119 min,Drama,8.3,Dean-Charles Chapman,George MacKay,Colin Firth
Inglourious Basterds,2009.0,153 min,Adventure,8.3,Brad Pitt,Diane Kruger,Melanie Laurent
Eternal Sunshine of the Spotless Mind,2004.0,108 min,Drama,8.3,Jim Carrey,Kate Winslet,Kirsten Dunst
Snatch,2000.0,104 min,Comedy,8.3,Jason Statham,Brad Pitt,Benicio del Toro
Requiem for a Dream,2000.0,102 min,Drama,8.3,Ellen Burstyn,Jared Leto,Jennifer Connelly
American Beauty,1999.0,122 min,Drama,8.3,Kevin Spacey,Annette Bening,Thora Birch
Good Will Hunting,1997.0,126 min,Drama,8.3,Robin Williams,Matt Damon,Stellan Skarsgard
Toy Story,1995.0,81 min,Animation,8.3,Tom Hanks,Tim Allen,Don Rickles
Braveheart,1995.0,178 min,Biography,8.3,Mel Gibson,Sophie Marceau,Patrick McGoohan
Reservoir Dogs,1992.0,99 min,Crime,8.3,Harvey Keitel,Tim Roth,Michael Madsen
Full Metal Jacket,1987.0,116 min,Drama,8.3,Matthew Modine,R. Lee Ermey,Vincent D'Onofrio
Aliens,1986.0,137 min,Action,8.3,Sigourney Weaver,Michael Biehn,Carrie Henn
Amadeus,1984.0,160 min,Biography,8.3,F. Murray Abraham,Tom Hulce,Elizabeth Berridge
Scarface,1983.0,170 min,Crime,8.3,Al Pacino,Michelle Pfeiffer,Steven Bauer
Star Wars: Episode VI - Return of the Jedi,1983.0,131 min,Action,8.3,Mark Hamill,Harrison Ford,Billy Dee Williams
Taxi Driver,1976.0,114 min,Crime,8.3,Robert De Niro,Jodie Foster,Cybill Shepherd
The Sting,1973.0,129 min,Comedy,8.3,Paul Newman,Robert Redford,Robert Shaw
A Clockwork Orange,1971.0,136 min,Crime,8.3,Malcolm McDowell,Patrick Magee,Michael Bates
2001: A Space Odyssey,1968.0,149 min,Adventure,8.3,Keir Dullea,Gary Lockwood,William Sylvester
Lawrence of Arabia,1962.0,228 min,Adventure,8.3,Peter O'Toole,Alec Guinness,Anthony Quinn
The Apartment,1960.0,125 min,Comedy,8.3,Jack Lemmon,Shirley MacLaine,Fred MacMurray
North by Northwest,1959.0,136 min,Adventure,8.3,Cary Grant,Eva Marie Saint,Jessie Royce Landis
Vertigo,1958.0,128 min,Mystery,8.3,James Stewart,Kim Novak,Tom Helmore
Singin' in the Rain,1952.0,103 min,Comedy,8.3,Gene Kelly,Gene Kelly,Debbie Reynolds
Double Indemnity,1944.0,107 min,Crime,8.3,Fred MacMurray,Barbara Stanwyck,Byron Barr
Citizen Kane,1941.0,119 min,Drama,8.3,Orson Welles,Joseph Cotten,Agnes Moorehead
Metropolis,1927.0,153 min,Drama,8.3,Brigitte Helm,Alfred Abel,Rudolf Klein-Rogge
The Kid,1921.0,68 min,Comedy,8.3,Charles Chaplin,Edna Purviance,Carl Miller
Some Like It Hot,1959.0,121 min,Comedy,8.2,Marilyn Monroe,Tony Curtis,George Raft
Dial M for Murder,1954.0,105 min,Crime,8.2,Ray Milland,Grace Kelly,John Williams
All About Eve,1950.0,138 min,Drama,8.2,Bette Davis,Anne Baxter,Celeste Holm
The Treasure of the Sierra Madre,1948.0,126 min,Adventure,8.2,Humphrey Bogart,Walter Huston,Bruce Bennett
To Be or Not to Be,1942.0,99 min,Comedy,8.2,Carole Lombard,Jack Benny,Felix Bressart
The Gold Rush,1925.0,95 min,Comedy,8.2,Charles Chaplin,Mack Swain,Henry Bergman
Sherlock Jr.,1924.0,45 min,Comedy,8.2,Buster Keaton,Kathryn McGuire,Erwin Connelly
12 Years a Slave,2013.0,134 min,Biography,8.1,Chiwetel Ejiofor,Michael Kenneth Williams,Brad Pitt
Rush,2013.0,123 min,Action,8.1,Daniel Bruhl,Chris Hemsworth,Alexandra Maria Lara
Ford v Ferrari,2019.0,152 min,Action,8.1,Matt Damon,Christian Bale,Caitriona Balfe
Spotlight,2015.0,129 min,Biography,8.1,Mark Ruffalo,Michael Keaton,Liev Schreiber
Song of the Sea,2014.0,93 min,Animation,8.1,David Rawle,Brendan Gleeson,Fionnula Flanagan
Prisoners,2013.0,153 min,Crime,8.1,Hugh Jackman,Jake Gyllenhaal,Melissa Leo
Mad Max: Fury Road,2015.0,120 min,Action,8.1,Tom Hardy,Charlize Theron,Zoe Kravitz
A Wednesday,2008.0,104 min,Action,8.1,Anupam Kher,Naseeruddin Shah,Aamir Bashir
Gran Torino,2008.0,116 min,Drama,8.1,Clint Eastwood,Bee Vang,Ahney Her
Harry Potter and the Deathly Hallows: Part 2,2011.0,130 min,Adventure,8.1,Daniel Radcliffe,Emma Watson,Michael Gambon
Hachi: A Dog's Tale,2009.0,93 min,Biography,8.1,Richard Gere,Joan Allen,Sarah Roemer
Mary and Max,2009.0,92 min,Animation,8.1,Toni Collette,Philip Seymour Hoffman,Barry Humphries
How to Train Your Dragon,2010.0,98 min,Animation,8.1,Chris Sanders,Jay Baruchel,Christopher Mintz-Plasse
Into the Wild,2007.0,148 min,Adventure,8.1,Emile Hirsch,Vince Vaughn,Marcia Gay Harden
No Country for Old Men,2007.0,122 min,Crime,8.1,Joel Coen,Tommy Lee Jones,Josh Brolin
Million Dollar Baby,2004.0,132 min,Drama,8.1,Hilary Swank,Clint Eastwood,Jay Baruchel
Hotel Rwanda,2004.0,121 min,Biography,8.1,Don Cheadle,Sophie Okonedo,Xolani Mali
Before Sunset,2004.0,80 min,Drama,8.1,Ethan Hawke,Julie Delpy,Louise Lemoine Torres
Kill Bill: Vol. 1,2003.0,111 min,Action,8.1,Uma Thurman,David Carradine,Michael Madsen
Finding Nemo,2003.0,100 min,Animation,8.1,Lee Unkrich,Albert Brooks,Alexander Gould
Catch Me If You Can,2002.0,141 min,Biography,8.1,Leonardo DiCaprio,Tom Hanks,Martin Sheen
Amores perros,2000.0,154 min,Drama,8.1,Emilio Echevarria,Gael Garcia Bernal,Alvaro Guerrero
Monsters Inc.,2001.0,92 min,Animation,8.1,David Silverman,Lee Unkrich,John Goodman
Shin seiki Evangelion Gekijo-ban,1997.0,87 min,Animation,8.1,Kazuya Tsurumaki,Megumi Ogata,Yuko Miyamura
Lagaan: Once Upon a Time in India,2001.0,224 min,Adventure,8.1,Aamir Khan,Raghuvir Yadav,Rachel Shelley
The Sixth Sense,1999.0,107 min,Drama,8.1,Bruce Willis,Haley Joel Osment,Olivia Williams
The Truman Show,1998.0,103 min,Comedy,8.1,Jim Carrey,Ed Harris,Noah Emmerich
The Big Lebowski,1998.0,117 min,Comedy,8.1,Ethan Coen,Jeff Bridges,Julianne Moore
Fargo,1996.0,98 min,Crime,8.1,Ethan Coen,William H. Macy,Steve Buscemi
Underground,1995.0,170 min,Comedy,8.1,Predrag Miki Manojlovic,Lazar Ristovski,Slavko Stimac
Before Sunrise,1995.0,101 min,Drama,8.1,Ethan Hawke,Julie Delpy,Hanno Poschl
Jurassic Park,1993.0,127 min,Action,8.1,Sam Neill,Laura Dern,Richard Attenborough
In the Name of the Father,1993.0,133 min,Biography,8.1,Daniel Day-Lewis,Pete Postlethwaite,Philip King
Dead Poets Society,1989.0,128 min,Comedy,8.1,Robin Williams,Robert Sean Leonard,Josh Charles
Stand by Me,1986.0,89 min,Adventure,8.1,Wil Wheaton,River Phoenix,Jerry O'Connell
Platoon,1986.0,120 min,Drama,8.1,Charlie Sheen,Tom Berenger,Keith David
Paris Texas,1984.0,145 min,Drama,8.1,Harry Dean Stanton,Nastassja Kinski,Aurore Clement
The Thing,1982.0,109 min,Horror,8.1,Kurt Russell,Wilford Brimley,Richard Masur
Pink Floyd: The Wall,1982.0,95 min,Drama,8.1,Bob Geldof,Christine Hargreaves,Eleanor David
Fitzcarraldo,1982.0,158 min,Adventure,8.1,Klaus Kinski,Claudia Cardinale,Miguel Angel Fuentes
Fanny och Alexander,1982.0,188 min,Drama,8.1,Bertil Guve,Pernilla Allwin,Borje Ahlstedt
Blade Runner,1982.0,117 min,Action,8.1,Harrison Ford,Rutger Hauer,Edward James Olmos
The Elephant Man,1980.0,124 min,Biography,8.1,Anthony Hopkins,John Hurt,John Gielgud
Life of Brian,1979.0,94 min,Comedy,8.1,Graham Chapman,John Cleese,Terry Gilliam
The Deer Hunter,1978.0,183 min,Drama,8.1,Robert De Niro,Christopher Walken,John Savage
Rocky,1976.0,120 min,Drama,8.1,Sylvester Stallone,Talia Shire,Carl Weathers
Network,1976.0,121 min,Drama,8.1,Faye Dunaway,William Holden,Robert Duvall
Barry Lyndon,1975.0,185 min,Adventure,8.1,Ryan O'Neal,Marisa Berenson,Hardy Kruger
Zerkalo,1975.0,107 min,Biography,8.1,Margarita Terekhova,Filipp Yankovskiy,Oleg Yankovskiy
Chinatown,1974.0,130 min,Drama,8.1,Jack Nicholson,Faye Dunaway,Perry Lopez
Paper Moon,1973.0,102 min,Comedy,8.1,Ryan O'Neal,Tatum O'Neal,John Hillerman
Viskningar och rop,1972.0,91 min,Drama,8.1,Harriet Andersson,Liv Ullmann,Ingrid Thulin
Solaris,1972.0,167 min,Drama,8.1,Natalya Bondarchuk,Donatas Banionis,Vladislav Dvorzhetskiy
Le samourai,1967.0,105 min,Crime,8.1,Alain Delon,Francois Perier,Cathy Rosier
Cool Hand Luke,1967.0,127 min,Crime,8.1,Paul Newman,George Kennedy,J.D. Cannon
Persona,1966.0,85 min,Drama,8.1,Bibi Andersson,Liv Ullmann,Gunnar Bjornstrand
Andrei Rublev,1966.0,205 min,Biography,8.1,Anatoliy Solonitsyn,Ivan Lapikov,Nikolay Sergeev
La battaglia di Algeri,1966.0,121 min,Drama,8.1,Brahim Hadjadj,Jean Martin,Samia Kerbash
El angel exterminador,1962.0,95 min,Drama,8.1,Silvia Pinal,Jacqueline Andere,Jose Baviera
What Ever Happened to Baby Jane?,1962.0,134 min,Drama,8.1,Bette Davis,Joan Crawford,Wesley Addy
Sanjuro,1962.0,96 min,Action,8.1,Toshiro Mifune,Tatsuya Nakadai,Yunosuke Ito
The Man Who Shot Liberty Valance,1962.0,123 min,Drama,8.1,James Stewart,John Wayne,Lee Marvin
Ivanovo detstvo,1962.0,95 min,Drama,8.1,Eduard Abalov,Nikolay Burlyaev,Evgeniy Zharikov
Jungfrukallen,1960.0,89 min,Drama,8.1,Max von Sydow,Birgitta Valberg,Birgitta Pettersson
Inherit the Wind,1960.0,128 min,Biography,8.1,Spencer Tracy,Fredric March,Dick York
Les quatre cents coups,1959.0,99 min,Crime,8.1,Jean-Pierre Leaud,Albert Remy,Guy Decomble
Ben-Hur,1959.0,212 min,Adventure,8.1,Charlton Heston,Jack Hawkins,Haya Harareet
Kakushi-toride no san-akunin,1958.0,139 min,Adventure,8.1,Toshiro Mifune,Misa Uehara,Kamatari Fujiwara
Le notti di Cabiria,1957.0,110 min,Drama,8.1,Giulietta Masina,Francois Perier,Dorian Gray
Kumonosu-jo,1957.0,110 min,Drama,8.1,Toshiro Mifune,Minoru Chiaki,Takashi Shimura
The Bridge on the River Kwai,1957.0,161 min,Adventure,8.1,William Holden,Alec Guinness,Sessue Hayakawa
On the Waterfront,1954.0,108 min,Crime,8.1,Marlon Brando,Karl Malden,Rod Steiger
Le salaire de la peur,1953.0,131 min,Adventure,8.1,Yves Montand,Charles Vanel,Folco Lulli
Ace in the Hole,1951.0,111 min,Drama,8.1,Kirk Douglas,Jan Sterling,Porter Hall
White Heat,1949.0,114 min,Action,8.1,James Cagney,Virginia Mayo,Margaret Wycherly
The Third Man,1949.0,104 min,Film-Noir,8.1,Orson Welles,Joseph Cotten,Trevor Howard
The Red Shoes,1948.0,135 min,Drama,8.1,Emeric Pressburger,Anton Walbrook,Moira Shearer
The Shop Around the Corner,1940.0,99 min,Comedy,8.1,Margaret Sullavan,James Stewart,Joseph Schildkraut
Rebecca,1940.0,130 min,Drama,8.1,Laurence Olivier,Joan Fontaine,Judith Anderson
Mr. Smith Goes to Washington,1939.0,129 min,Comedy,8.1,James Stewart,Jean Arthur,Edward Arnold
Gone with the Wind,1939.0,238 min,Drama,8.1,George Cukor,Sam Wood,Vivien Leigh
La Grande Illusion,1937.0,113 min,Drama,8.1,Jean Gabin,Dita Parlo,Erich von Stroheim
It Happened One Night,1934.0,105 min,Comedy,8.1,Clark Gable,Claudette Colbert,Roscoe Karns
The Circus,1928.0,72 min,Comedy,8.1,Charles Chaplin,Merna Kennedy,Harry Crocker
Sunrise: A Song of Two Humans,1927.0,94 min,Drama,8.1,George O'Brien,Janet Gaynor,Bodil Rosing
The General,1926.0,67 min,Action,8.1,Buster Keaton,Buster Keaton,Glen Cavender
Togo,2019.0,113 min,Adventure,8.0,Willem Dafoe,Julianne Nicholson,Richard Dormer
Airlift,2016.0,130 min,Drama,8.0,Akshay Kumar,Nimrat Kaur,Prakash Belawadi
Baby,2015.0,159 min,Action,8.0,Akshay Kumar,Danny Denzongpa,Taapsee Pannu
La La Land,2016.0,128 min,Comedy,8.0,Ryan Gosling,Emma Stone,J.K. Simmons
Lion,2016.0,118 min,Biography,8.0,Dev Patel,Nicole Kidman,Sunny Pawar
The Martian,2015.0,144 min,Adventure,8.0,Matt Damon,Jessica Chastain,Kate Mara
Zootopia,2016.0,108 min,Animation,8.0,Rich Moore,Jared Bush,Jason Bateman
Wonder,2017.0,113 min,Drama,8.0,Jacob Tremblay,Owen Wilson,Julia Roberts
Gully Boy,2019.0,154 min,Drama,8.0,Vijay Varma,Nakul Roshan Sahdev,Vijay Raaz
Special Chabbis,2013.0,144 min,Crime,8.0,Akshay Kumar,Anupam Kher,Jimmy Sheirgill
Short Term 12,2013.0,96 min,Drama,8.0,Brie Larson,Frantz Turner,Kaitlyn Dever
The Imitation Game,2014.0,114 min,Biography,8.0,Benedict Cumberbatch,Keira Knightley,Allen Leech
Guardians of the Galaxy,2014.0,121 min,Action,8.0,Chris Pratt,Vin Diesel,Zoe Saldana
Blade Runner 2049,2017.0,164 min,Action,8.0,Harrison Ford,Ryan Gosling,Dave Bautista
Her,2013.0,126 min,Drama,8.0,Joaquin Phoenix,Amy Adams,Rooney Mara
Bohemian Rhapsody,2018.0,134 min,Biography,8.0,Rami Malek,Lucy Boynton,Ben Hardy
The Revenant,2015.0,156 min,Action,8.0,Leonardo DiCaprio,Tom Hardy,Domhnall Gleeson
The Perks of Being a Wallflower,2012.0,103 min,Drama,8.0,Logan Lerman,Emma Watson,Paul Rudd
The King's Speech,2010.0,118 min,Biography,8.0,Colin Firth,Geoffrey Rush,Derek Jacobi
The Help,2011.0,146 min,Drama,8.0,Emma Stone,Viola Davis,Bryce Dallas Howard
Deadpool,2016.0,108 min,Action,8.0,Ryan Reynolds,Morena Baccarin,Ed Skrein
Yip Man,2008.0,106 min,Action,8.0,Donnie Yen,Simon Yam,Ka Tung Lam
My Name Is Khan,2010.0,165 min,Drama,8.0,Shah Rukh Khan,Kajol,Katie A. Keane
Slumdog Millionaire,2008.0,120 min,Drama,8.0,Loveleen Tandan,Dev Patel,Saurabh Shukla
Black Swan,2010.0,108 min,Drama,8.0,Natalie Portman,Mila Kunis,Winona Ryder
The Avengers,2012.0,143 min,Action,8.0,Robert Downey Jr.,Chris Evans,Jeremy Renner
Persepolis,2007.0,96 min,Animation,8.0,Marjane Satrapi,Chiara Mastroianni,Gena Rowlands
Dallas Buyers Club,2013.0,117 min,Biography,8.0,Matthew McConaughey,Jennifer Garner,Steve Zahn
The Pursuit of Happyness,2006.0,117 min,Biography,8.0,Will Smith,Thandie Newton,Brian Howe
Blood Diamond,2006.0,143 min,Adventure,8.0,Leonardo DiCaprio,Djimon Hounsou,Kagiso Kuypers
The Bourne Ultimatum,2007.0,115 min,Action,8.0,Matt Damon,Edgar Ramirez,Julia Stiles
Bin-jip,2004.0,88 min,Crime,8.0,Seung-Yun Lee,Hee Jae,Jin-mo Joo
Sin City,2005.0,124 min,Crime,8.0,Quentin Tarantino,Robert Rodriguez,Clive Owen
G.O.R.A.,2004.0,127 min,Adventure,8.0,Cem Yilmaz,Ozge Ozberk,Safak Sezer
Ratatouille,2007.0,111 min,Animation,8.0,Jan Pinkava,Brad Garrett,Patton Oswalt
Casino Royale,2006.0,144 min,Action,8.0,Daniel Craig,Eva Green,Jeffrey Wright
Kill Bill: Vol. 2,2004.0,137 min,Action,8.0,Uma Thurman,David Carradine,Daryl Hannah
Vozvrashchenie,2003.0,110 min,Drama,8.0,Vladimir Garin,Ivan Dobronravov,Nataliya Vdovina
Bom Yeoareum Gaeul Gyeoul Geurigo Bom,2003.0,103 min,Drama,8.0,Ki-duk Kim,Yeong-su Oh,Kim Young-Min
Mar adentro,2014.0,126 min,Biography,8.0,Javier Bardem,Belen Rueda,Mabel Rivera
Cinderella Man,2005.0,144 min,Biography,8.0,Russell Crowe,Renee Zellweger,Paul Giamatti
Kal Ho Naa Ho,2003.0,186 min,Comedy,8.0,Preity Zinta,Shah Rukh Khan,Jaya Bachchan
Mou gaan dou,2002.0,101 min,Action,8.0,Alan Mak,Andy Lau,Anthony Chau-Sang Wong
Pirates of the Caribbean: The Curse of the Black Pearl,2003.0,143 min,Action,8.0,Johnny Depp,Geoffrey Rush,Keira Knightley
Big Fish,2003.0,125 min,Adventure,8.0,Ewan McGregor,Albert Finney,Jessica Lange
The Incredibles,2004.0,115 min,Animation,8.0,Craig T. Nelson,Samuel L. Jackson,Jason Lee
Yeopgijeogin geunyeo,2001.0,137 min,Comedy,8.0,Tae-Hyun Cha,Jun Ji-Hyun,Song Wok-suk
Dogville,2003.0,178 min,Crime,8.0,Nicole Kidman,Paul Bettany,Harriet Andersson
Vizontele,2001.0,110 min,Comedy,8.0,Omer Faruk Sorak,Yilmaz Erdogan,Altan Erkekli
Donnie Darko,2001.0,113 min,Drama,8.0,Jake Gyllenhaal,Jena Malone,Holmes Osborne
Magnolia,1999.0,188 min,Drama,8.0,Tom Cruise,Jason Robards,Philip Seymour Hoffman
Dancer in the Dark,2000.0,140 min,Crime,8.0,Bjork,Catherine Deneuve,Peter Stormare
The Straight Story,1999.0,112 min,Biography,8.0,Richard Farnsworth,Sissy Spacek,Joseph A. Carpenter
Pafekuto buru,1997.0,81 min,Animation,8.0,Junko Iwao,Rica Matsumoto,Masaaki Okura
Festen,1998.0,105 min,Drama,8.0,Ulrich Thomsen,Henning Moritzen,Paprika Steen
Central do Brasil,1998.0,110 min,Drama,8.0,Fernanda Montenegro,Vinicius de Oliveira,Soia Lira
The Iron Giant,1999.0,86 min,Animation,8.0,Eli Marienthal,Harry Connick Jr.,Vin Diesel
Knockin' on Heaven's Door,1997.0,87 min,Action,8.0,Til Schweiger,Jan Josef Liefers,Moritz Bleibtreu
Sling Blade,1996.0,135 min,Drama,8.0,Billy Bob Thornton,Dwight Yoakam,John Ritter
Secrets & Lies,1996.0,136 min,Comedy,8.0,Timothy Spall,Brenda Blethyn,Claire Rushbrook
Twelve Monkeys,1995.0,129 min,Mystery,8.0,Bruce Willis,Madeleine Stowe,Joseph Melito
Kokaku Kidotai,1995.0,83 min,Animation,8.0,Atsuko Tanaka,Iemasa Kayumi,Koichi Yamadera
The Nightmare Before Christmas,1993.0,76 min,Animation,8.0,Danny Elfman,Chris Sarandon,William Hickey
Groundhog Day,1993.0,101 min,Comedy,8.0,Bill Murray,Andie MacDowell,Stephen Tobolowsky
Bound by Honor,1993.0,180 min,Crime,8.0,Damian Chapa,Jesse Borrego,Enrique Castillo
Scent of a Woman,1992.0,156 min,Drama,8.0,Al Pacino,Chris O'Donnell,Gabrielle Anwar
Aladdin,1992.0,90 min,Animation,8.0,John Musker,Scott Weinger,Linda Larkin
JFK,1991.0,189 min,Drama,8.0,Kevin Costner,Gary Oldman,Walter Matthau
Beauty and the Beast,1991.0,84 min,Animation,8.0,Kirk Wise,Paige O'Hara,Jesse Corti
Dances with Wolves,1990.0,181 min,Adventure,8.0,Kevin Costner,Mary McDonnell,Rodney A. Grant
Do the Right Thing,1989.0,120 min,Comedy,8.0,Danny Aiello,Ossie Davis,Richard Edson
Rain Man,1988.0,133 min,Drama,8.0,Dustin Hoffman,Tom Cruise,Gerald R. Molan
Akira,1988.0,124 min,Animation,8.0,Mitsuo Iwata,Nozomu Sasaki,Tessho Genda
The Princess Bride,1987.0,98 min,Adventure,8.0,Cary Elwes,Mandy Patinkin,Chris Sarandon
Der Himmel uber Berlin,1987.0,128 min,Drama,8.0,Bruno Ganz,Solveig Dommartin,Curt Bois
Au revoir les enfants,1987.0,104 min,Drama,8.0,Gaspard Manesse,Raphael Fejto,Stanislas Carre de Malberg
Tenku no shiro Rapyuta,1986.0,125 min,Animation,8.0,Mayumi Tanaka,Keiko Yokozawa,Minori Terada
The Terminator,1984.0,107 min,Action,8.0,Arnold Schwarzenegger,Linda Hamilton,Paul Winfield
Gandhi,1982.0,191 min,Biography,8.0,Ben Kingsley,John Gielgud,Roshan Seth
Kagemusha,1980.0,180 min,Drama,8.0,Tatsuya Nakadai,Tsutomu Yamazaki,Jinpachi Nezu
Being There,1979.0,130 min,Comedy,8.0,Peter Sellers,Shirley MacLaine,Jack Warden
Annie Hall,1977.0,93 min,Comedy,8.0,Woody Allen,Diane Keaton,Carol Kane
Jaws,1975.0,124 min,Adventure,8.0,Roy Scheider,Robert Shaw,Lorraine Gary
Dog Day Afternoon,1975.0,125 min,Biography,8.0,Al Pacino,John Cazale,Sully Boyar
Young Frankenstein,1974.0,106 min,Comedy,8.0,Gene Wilder,Madeline Kahn,Peter Boyle
Papillon,1973.0,151 min,Biography,8.0,Steve McQueen,Dustin Hoffman,Don Gordon
The Exorcist,1973.0,122 min,Horror,8.0,Ellen Burstyn,Max von Sydow,Lee J. Cobb
Sleuth,1972.0,138 min,Mystery,8.0,Laurence Olivier,Michael Caine,John Matthews
The Last Picture Show,1971.0,118 min,Drama,8.0,Timothy Bottoms,Jeff Bridges,Ben Johnson
Fiddler on the Roof,1971.0,181 min,Drama,8.0,Topol,Norma Crane,Molly Picon
Il conformista,1970.0,113 min,Drama,8.0,Jean-Louis Trintignant,Stefania Sandrelli,Enzo Tarascio
Butch Cassidy and the Sundance Kid,1969.0,110 min,Biography,8.0,Paul Newman,Robert Redford,Strother Martin
Rosemary's Baby,1968.0,137 min,Drama,8.0,Mia Farrow,John Cassavetes,Sidney Blackmer
Planet of the Apes,1968.0,112 min,Adventure,8.0,Charlton Heston,Roddy McDowall,Maurice Evans
The Graduate,1967.0,106 min,Comedy,8.0,Dustin Hoffman,Anne Bancroft,William Daniels
Who's Afraid of Virginia Woolf?,1966.0,131 min,Drama,8.0,Elizabeth Taylor,Richard Burton,Sandy Dennis
The Sound of Music,1965.0,172 min,Biography,8.0,Julie Andrews,Christopher Plummer,Richard Haydn
Doctor Zhivago,1965.0,197 min,Drama,8.0,Omar Sharif,Julie Christie,Rod Steiger
Per un pugno di dollari,1964.0,99 min,Action,8.0,Clint Eastwood,Gian Maria Volonte,Wolfgang Lukschy
8 1/2,1963.0,138 min,Drama,8.0,Marcello Mastroianni,Anouk Aimee,Sandra Milo
Vivre sa vie: Film en douze tableaux,1962.0,80 min,Drama,8.0,Anna Karina,Sady Rebbot,Guylaine Schlumberger
The Hustler,1961.0,134 min,Drama,8.0,Paul Newman,Jackie Gleason,George C. Scott
La dolce vita,1960.0,174 min,Comedy,8.0,Marcello Mastroianni,Anita Ekberg,Yvonne Furneaux
Rio Bravo,1959.0,141 min,Action,8.0,John Wayne,Dean Martin,Angie Dickinson
Anatomy of a Murder,1959.0,161 min,Crime,8.0,James Stewart,Lee Remick,Arthur O'Connell
Touch of Evil,1958.0,95 min,Crime,8.0,Charlton Heston,Orson Welles,Joseph Calleia
Cat on a Hot Tin Roof,1958.0,108 min,Drama,8.0,Elizabeth Taylor,Paul Newman,Jack Carson
Sweet Smell of Success,1957.0,96 min,Drama,8.0,Burt Lancaster,Tony Curtis,Martin Milner
The Killing,1956.0,84 min,Crime,8.0,Sterling Hayden,Coleen Gray,Jay C. Flippen
The Night of the Hunter,1955.0,92 min,Crime,8.0,Robert Mitchum,Shelley Winters,James Gleason
La Strada,1954.0,108 min,Drama,8.0,Anthony Quinn,Giulietta Masina,Aldo Silvani
Les diaboliques,1955.0,117 min,Crime,8.0,Simone Signoret,Vera Clouzot,Charles Vanel
Stalag 17,1953.0,120 min,Comedy,8.0,William Holden,Don Taylor,Robert Strauss
Roman Holiday,1953.0,118 min,Comedy,8.0,Gregory Peck,Audrey Hepburn,Hartley Power
A Streetcar Named Desire,1951.0,122 min,Drama,8.0,Vivien Leigh,Marlon Brando,Karl Malden
In a Lonely Place,1950.0,94 min,Drama,8.0,Humphrey Bogart,Gloria Grahame,Carl Benton Reid
Kind Hearts and Coronets,1949.0,106 min,Comedy,8.0,Dennis Price,Alec Guinness,Joan Greenwood
Rope,1948.0,80 min,Crime,8.0,James Stewart,John Dall,Dick Hogan
Out of the Past,1947.0,97 min,Crime,8.0,Robert Mitchum,Jane Greer,Rhonda Fleming
Brief Encounter,1945.0,86 min,Drama,8.0,Celia Johnson,Trevor Howard,Joyce Carey
Laura,1944.0,88 min,Drama,8.0,Gene Tierney,Dana Andrews,Vincent Price
The Best Years of Our Lives,1946.0,170 min,Drama,8.0,Myrna Loy,Dana Andrews,Teresa Wright
Arsenic and Old Lace,1942.0,118 min,Comedy,8.0,Cary Grant,Priscilla Lane,Jack Carson
The Maltese Falcon,1941.0,100 min,Film-Noir,8.0,Humphrey Bogart,Mary Astor,Peter Lorre
The Grapes of Wrath,1940.0,129 min,Drama,8.0,Henry Fonda,Jane Darwell,Charley Grapewin
The Wizard of Oz,1939.0,102 min,Adventure,8.0,George Cukor,Mervyn LeRoy,Richard Thorpe
La regle du jeu,1939.0,110 min,Comedy,8.0,Marcel Dalio,Nora Gregor,Mila Parely
The Thin Man,1934.0,91 min,Comedy,8.0,William Powell,Myrna Loy,Nat Pendleton
All Quiet on the Western Front,1930.0,152 min,Drama,8.0,Lew Ayres,Louis Wolheim,Arnold Lucy
Bronenosets Potemkin,1925.0,75 min,Drama,8.0,Aleksandr Antonov,Vladimir Barskiy,Ivan Bobrov
Knives Out,2019.0,130 min,Comedy,7.9,Daniel Craig,Chris Evans,Jamie Lee Curtis
Dil Bechara,2020.0,101 min,Comedy,7.9,Sushant Singh Rajput,Sanjana Sanghi,Saswata Chatterjee
Manbiki kazoku,2018.0,121 min,Crime,7.9,Lily Franky,Sakura Ando,Mayu Matsuoka
Marriage Story,2019.0,137 min,Comedy,7.9,Adam Driver,Scarlett Johansson,Azhy Robertson
Call Me by Your Name,2017.0,132 min,Drama,7.9,Armie Hammer,Timothee Chalamet,Amira Casar
I Daniel Blake,2016.0,100 min,Drama,7.9,Laura Obiols,Dave Johns,Sharon Percy
Isle of Dogs,2018.0,101 min,Animation,7.9,Bryan Cranston,Koyu Rankin,Bob Balaban
Hunt for the Wilderpeople,2016.0,101 min,Adventure,7.9,Sam Neill,Julian Dennison,Rachel House
Captain Fantastic,2016.0,118 min,Comedy,7.9,Viggo Mortensen,George MacKay,Annalise Basso
Sing Street,2016.0,106 min,Comedy,7.9,Ferdia Walsh-Peelo,Aidan Gillen,Jack Reynor
Thor: Ragnarok,2017.0,130 min,Action,7.9,Chris Hemsworth,Tom Hiddleston,Mark Ruffalo
Nightcrawler,2014.0,117 min,Crime,7.9,Jake Gyllenhaal,Rene Russo,Riz Ahmed
Jojo Rabbit,2019.0,108 min,Comedy,7.9,Roman Griffin Davis,Thomasin McKenzie,Taika Waititi
Arrival,2016.0,116 min,Drama,7.9,Amy Adams,Jeremy Renner,Michael Stuhlbarg
Star Wars: Episode VII - The Force Awakens,2015.0,138 min,Action,7.9,Daisy Ridley,John Boyega,Domhnall Gleeson
Before Midnight,2013.0,109 min,Drama,7.9,Ethan Hawke,Julie Delpy,Ariane Labed
X-Men: Days of Future Past,2014.0,132 min,Action,7.9,Patrick Stewart,Ian McKellen,James McAvoy
Bir Zamanlar Anadolu'da,2011.0,157 min,Crime,7.9,Muhammet Uzuner,Yilmaz Erdogan,Ahmet Mumtaz Taylan
The Artist,2011.0,100 min,Comedy,7.9,Jean Dujardin,Berenice Bejo,James Cromwell
Edge of Tomorrow,2014.0,113 min,Action,7.9,Tom Cruise,Emily Blunt,Brendan Gleeson
Amour,2012.0,127 min,Drama,7.9,Jean-Louis Trintignant,Emmanuelle Riva,Alexandre Tharaud
The Irishman,2019.0,209 min,Biography,7.9,Robert De Niro,Al Pacino,Harvey Keitel
Un prophete,2009.0,155 min,Crime,7.9,Tahar Rahim,Niels Arestrup,Reda Kateb
Moon,2009.0,97 min,Drama,7.9,Sam Rockwell,Kevin Spacey,Rosie Shaw
Lat den ratte komma in,2008.0,114 min,Crime,7.9,Kare Hedebrant,Lina Leandersson,Henrik Dahl
District 9,2009.0,112 min,Action,7.9,Sharlto Copley,David James,Nathalie Boltt
The Wrestler,2008.0,109 min,Drama,7.9,Mickey Rourke,Marisa Tomei,Mark Margolis
Jab We Met,2007.0,138 min,Comedy,7.9,Shahid Kapoor,Kareena Kapoor,Dara Singh
Boyhood,2014.0,165 min,Drama,7.9,Ellar Coltrane,Patricia Arquette,Elijah Smith
4 luni 3 saptamani si 2 zile,2007.0,113 min,Drama,7.9,Anamaria Marinca,Laura Vasiliu,Alexandru Potocean
Star Trek,2009.0,127 min,Action,7.9,Chris Pine,Zachary Quinto,Leonard Nimoy
In Bruges,2008.0,107 min,Comedy,7.9,Colin Farrell,Brendan Gleeson,Elizabeth Berrington
The Man from Earth,2007.0,87 min,Drama,7.9,David Lee Smith,Tony Todd,Ellen Crawford
Letters from Iwo Jima,2006.0,141 min,Action,7.9,Ken Watanabe,Kazunari Ninomiya,Ryo Kase
The Fall,2006.0,117 min,Adventure,7.9,Lee Pace,Catinca Untaru,Kim Uylenbroek
Life of Pi,2012.0,127 min,Adventure,7.9,Suraj Sharma,Irrfan Khan,Tabu
Fantastic Mr. Fox,2009.0,87 min,Animation,7.9,George Clooney,Meryl Streep,Jason Schwartzman
C.R.A.Z.Y.,2005.0,129 min,Comedy,7.9,Michel Cote,Marc-Andre Grondin,Emile Vallee
Les choristes,2004.0,97 min,Drama,7.9,Gerard Jugnot,Francois Berlean,Kad Merad
Iron Man,2008.0,126 min,Action,7.9,Robert Downey Jr.,Gwyneth Paltrow,Jeff Bridges
Shaun of the Dead,2004.0,99 min,Comedy,7.9,Simon Pegg,Nick Frost,Lucy Davis
Gegen die Wand,2004.0,121 min,Drama,7.9,Birol Unel,Sibel Kekilli,Zarah Jane McKenzie
Mystic River,2003.0,138 min,Crime,7.9,Sean Penn,Tim Robbins,Emmy Rossum
Harry Potter and the Prisoner of Azkaban,2004.0,142 min,Adventure,7.9,Daniel Radcliffe,Emma Watson,Richard Griffiths
Ying xiong,2002.0,120 min,Action,7.9,Jet Li,Tony Chiu-Wai Leung,Ziyi Zhang
Hable con ella,2002.0,112 min,Drama,7.9,Rosario Flores,Javier Camara,Leonor Watling
No Man's Land,2001.0,98 min,Comedy,7.9,Branko Djuric,Rene Bitorajac,Georges Siatidis
Cowboy Bebop: Tengoku no tobira,2001.0,115 min,Animation,7.9,Tensai Okamura,Hiroyuki Okiura,Beau Billingslea
The Bourne Identity,2002.0,119 min,Action,7.9,Franka Potente,Matt Damon,Clive Owen
Nueve reinas,2000.0,114 min,Crime,7.9,Ricardo Darin,Gaston Pauls,Maria Mercedes Villagra
Children of Men,2006.0,109 min,Adventure,7.9,Julianne Moore,Clive Owen,Michael Caine
Almost Famous,2000.0,122 min,Adventure,7.9,Billy Crudup,Patrick Fugit,Frances McDormand
Mulholland Dr.,2001.0,147 min,Drama,7.9,Naomi Watts,Laura Harring,Jeanne Bates
Toy Story 2,1999.0,92 min,Animation,7.9,Ash Brannon,Lee Unkrich,Tim Allen
Boogie Nights,1997.0,155 min,Drama,7.9,Mark Wahlberg,Julianne Moore,Luis Guzman
Mimi wo sumaseba,1995.0,111 min,Animation,7.9,Yoko Honna,Issey Takahashi,Shigeru Muroi
Once Were Warriors,1994.0,102 min,Crime,7.9,Rena Owen,Temuera Morrison,Julian Arahanga
True Romance,1993.0,119 min,Crime,7.9,Christian Slater,Patricia Arquette,Val Kilmer
Trois couleurs: Bleu,1993.0,94 min,Drama,7.9,Juliette Binoche,Zbigniew Zamachowski,Benoit Regent
Jube ninpucho,1993.0,94 min,Animation,7.9,Koichi Yamadera,Emi Shinohara,Osamu Saka
Carlito's Way,1993.0,144 min,Crime,7.9,Al Pacino,Sean Penn,John Leguizamo
Edward Scissorhands,1990.0,105 min,Drama,7.9,Johnny Depp,Winona Ryder,Anthony Michael Hall
My Left Foot: The Story of Christy Brown,1989.0,103 min,Biography,7.9,Daniel Day-Lewis,Brenda Fricker,Kirsten Sheridan
Crimes and Misdemeanors,1989.0,104 min,Comedy,7.9,Martin Landau,Woody Allen,Claire Bloom
The Untouchables,1987.0,119 min,Crime,7.9,Kevin Costner,Sean Connery,Charles Martin Smith
Hannah and Her Sisters,1986.0,107 min,Comedy,7.9,Mia Farrow,Dianne Wiest,Barbara Hershey
Brazil,1985.0,132 min,Drama,7.9,Jonathan Pryce,Kim Greist,Katherine Helmond
This Is Spinal Tap,1984.0,82 min,Comedy,7.9,Rob Reiner,Michael McKean,Kimberly Stringer
A Christmas Story,1983.0,93 min,Comedy,7.9,Peter Billingsley,Melinda Dillon,Scott Schwartz
The Blues Brothers,1980.0,133 min,Action,7.9,John Belushi,Dan Aykroyd,John Candy
Manhattan,1979.0,96 min,Comedy,7.9,Woody Allen,Diane Keaton,Michael Murphy
All That Jazz,1979.0,123 min,Drama,7.9,Roy Scheider,Jessica Lange,Leland Palmer
Dawn of the Dead,1978.0,127 min,Action,7.9,David Emge,Ken Foree,Gaylen Ross
All the President's Men,1976.0,138 min,Biography,7.9,Dustin Hoffman,Robert Redford,Martin Balsam
La montana sagrada,1973.0,114 min,Adventure,7.9,Alejandro Jodorowsky,Horacio Salinas,Juan Ferrara
Amarcord,1973.0,123 min,Comedy,7.9,Magali Noel,Bruno Zanin,Armando Brancia
Le charme discret de la bourgeoisie,1972.0,102 min,Comedy,7.9,Fernando Rey,Delphine Seyrig,Bulle Ogier
Aguirre der Zorn Gottes,1972.0,95 min,Action,7.9,Klaus Kinski,Ruy Guerra,Del Negro
Harold and Maude,1971.0,91 min,Comedy,7.9,Ruth Gordon,Bud Cort,Cyril Cusack
Patton,1970.0,172 min,Biography,7.9,George C. Scott,Karl Malden,Michael Strong
The Wild Bunch,1969.0,145 min,Action,7.9,William Holden,Ernest Borgnine,Edmond O'Brien
Night of the Living Dead,1968.0,96 min,Horror,7.9,Duane Jones,Judith O'Dea,Marilyn Eastman
The Lion in Winter,1968.0,134 min,Biography,7.9,Peter O'Toole,Katharine Hepburn,John Castle
In the Heat of the Night,1967.0,110 min,Crime,7.9,Sidney Poitier,Rod Steiger,Lee Grant
Charade,1963.0,113 min,Comedy,7.9,Cary Grant,Audrey Hepburn,James Coburn
The Manchurian Candidate,1962.0,126 min,Drama,7.9,Frank Sinatra,Laurence Harvey,Angela Lansbury
Spartacus,1960.0,197 min,Adventure,7.9,Kirk Douglas,Laurence Olivier,Charles Laughton
L'avventura,1960.0,144 min,Drama,7.9,Gabriele Ferzetti,Monica Vitti,Dominique Blanchar
Hiroshima mon amour,1959.0,90 min,Drama,7.9,Emmanuelle Riva,Eiji Okada,Pierre Barbaud
The Ten Commandments,1956.0,220 min,Adventure,7.9,Charlton Heston,Yul Brynner,Edward G. Robinson
The Searchers,1956.0,119 min,Adventure,7.9,John Wayne,Jeffrey Hunter,Ward Bond
East of Eden,1955.0,118 min,Drama,7.9,James Dean,Raymond Massey,Burl Ives
High Noon,1952.0,85 min,Drama,7.9,Gary Cooper,Grace Kelly,Lloyd Bridges
Strangers on a Train,1951.0,101 min,Crime,7.9,Farley Granger,Robert Walker,Leo G. Carroll
Harvey,1950.0,104 min,Comedy,7.9,James Stewart,Wallace Ford,Victoria Horne
Miracle on 34th Street,1947.0,96 min,Comedy,7.9,Edmund Gwenn,Maureen O'Hara,Gene Lockhart
Notorious,1946.0,102 min,Drama,7.9,Cary Grant,Ingrid Bergman,Louis Calhern
The Big Sleep,1946.0,114 min,Crime,7.9,Humphrey Bogart,Lauren Bacall,Martha Vickers
The Lost Weekend,1945.0,101 min,Drama,7.9,Ray Milland,Jane Wyman,Howard Da Silva
The Philadelphia Story,1940.0,112 min,Comedy,7.9,Cary Grant,Katharine Hepburn,Ruth Hussey
His Girl Friday,1940.0,92 min,Comedy,7.9,Cary Grant,Rosalind Russell,Gene Lockhart
The Adventures of Robin Hood,1938.0,102 min,Action,7.9,William Keighley,Errol Flynn,Basil Rathbone
A Night at the Opera,1935.0,96 min,Comedy,7.9,Edmund Goulding,Groucho Marx,Harpo Marx
King Kong,1933.0,100 min,Adventure,7.9,Ernest B. Schoedsack,Fay Wray,Bruce Cabot
Freaks,1932.0,64 min,Drama,7.9,Wallace Ford,Leila Hyams,Roscoe Ates
Nosferatu,1922.0,94 min,Fantasy,7.9,Max Schreck,Alexander Granach,Greta Schroeder
The Gentlemen,2019.0,113 min,Action,7.8,Matthew McConaughey,Charlie Hunnam,Jeremy Strong
Raazi,2018.0,138 min,Action,7.8,Alia Bhatt,Vicky Kaushal,Shishir Sharma
Sound of Metal,2019.0,120 min,Drama,7.8,Riz Ahmed,Olivia Cooke,Lauren Ridloff
Forushande,2016.0,124 min,Drama,7.8,Shahab Hosseini,Taraneh Alidoosti,Mina Sadati
Dunkirk,2017.0,106 min,Action,7.8,Fionn Whitehead,Barry Keoghan,Tom Hardy
Perfetti sconosciuti,2016.0,96 min,Comedy,7.8,Giuseppe Battiston,Anna Foglietta,Edoardo Leo
Hidden Figures,2016.0,127 min,Biography,7.8,Taraji P. Henson,Octavia Spencer,Kevin Costner
Paddington 2,2017.0,103 min,Adventure,7.8,Ben Whishaw,Hugh Grant,Sally Hawkins
Kubo and the Two Strings,2016.0,101 min,Animation,7.8,Charlize Theron,Art Parkinson,Ralph Fiennes
M.S. Dhoni: The Untold Story,2016.0,184 min,Biography,7.8,Sushant Singh Rajput,Kiara Advani,Disha Patani
Manchester by the Sea,2016.0,137 min,Drama,7.8,Casey Affleck,Michelle Williams,Lucas Hedges
Under sandet,2015.0,100 min,Drama,7.8,Roland Moller,Louis Hofmann,Mikkel Boe Folsgaard
Rogue One,2016.0,133 min,Action,7.8,Felicity Jones,Diego Luna,Donnie Yen
Captain America: Civil War,2016.0,147 min,Action,7.8,Joe Russo,Chris Evans,Scarlett Johansson
The Hateful Eight,2015.0,168 min,Crime,7.8,Samuel L. Jackson,Kurt Russell,Walton Goggins
Little Women,2019.0,135 min,Drama,7.8,Saoirse Ronan,Emma Watson,Eliza Scanlen
Loving Vincent,2017.0,94 min,Animation,7.8,Hugh Welchman,Douglas Booth,Robert Gulaczyk
Pride,2014.0,119 min,Biography,7.8,Bill Nighy,Imelda Staunton,Paddy Considine
Le passe,2013.0,130 min,Drama,7.8,Berenice Bejo,Tahar Rahim,Pauline Burlet
La grande bellezza,2013.0,141 min,Drama,7.8,Toni Servillo,Carlo Verdone,Carlo Buccirosso
The Lunchbox,2013.0,104 min,Drama,7.8,Irrfan Khan,Nimrat Kaur,Lillete Dubey
Vicky Donor,2012.0,126 min,Comedy,7.8,Ayushmann Khurrana,Yami Gautam,Dolly Ahluwalia
Big Hero 6,2014.0,102 min,Animation,7.8,Chris Williams,Ryan Potter,Jamie Chung
About Time,2013.0,123 min,Comedy,7.8,Domhnall Gleeson,Rachel McAdams,Lydia Wilson
English Vinglish,2012.0,134 min,Comedy,7.8,Sridevi,Adil Hussain,Priya Anand
Kaze tachinu,2013.0,126 min,Animation,7.8,Hideaki Anno,Hidetoshi Nishijima,Masahiko Nishimura
Toy Story 4,2019.0,100 min,Animation,7.8,Tom Hanks,Tim Allen,Tony Hale
La migliore offerta,2013.0,131 min,Crime,7.8,Geoffrey Rush,Jim Sturgess,Donald Sutherland
Moonrise Kingdom,2012.0,94 min,Comedy,7.8,Jared Gilman,Kara Hayward,Bill Murray
How to Train Your Dragon 2,2014.0,102 min,Animation,7.8,Jay Baruchel,Cate Blanchett,Craig Ferguson
The Big Short,2015.0,130 min,Biography,7.8,Christian Bale,Steve Carell,Brad Pitt
Kokuhaku,2010.0,106 min,Drama,7.8,Takako Matsu,Yoshino Kimura,Yukito Nishii
Ang-ma-reul bo-at-da,2010.0,144 min,Action,7.8,Lee Byung-Hun,Choi Min-sik,Ho-jin Chun
The Girl with the Dragon Tattoo,2011.0,158 min,Crime,7.8,Daniel Craig,Rooney Mara,Stellan Skarsgard
Captain Phillips,2013.0,134 min,Adventure,7.8,Tom Hanks,Barkhad Abdi,Catherine Keener
Straight Outta Compton,2015.0,147 min,Biography,7.8,O'Shea Jackson Jr.,Corey Hawkins,Neil Brown Jr.
Madeo,2009.0,129 min,Crime,7.8,Hye-ja Kim,Won Bin,Je-mun Yun
The Hobbit: The Desolation of Smaug,2013.0,161 min,Adventure,7.8,Ian McKellen,Martin Freeman,Ken Stott
The Trial of the Chicago 7,2020.0,129 min,Drama,7.8,Eddie Redmayne,Alex Sharp,Jeremy Strong
Druk,2020.0,117 min,Comedy,7.8,Mads Mikkelsen,Thomas Bo Larsen,Lars Ranthe
The Fighter,2010.0,116 min,Biography,7.8,Mark Wahlberg,Christian Bale,Melissa Leo
Taken,2008.0,90 min,Action,7.8,Liam Neeson,Maggie Grace,Leland Orser
The Boy in the Striped Pyjamas,2008.0,94 min,Drama,7.8,Asa Butterfield,David Thewlis,Zac Mattoon O'Brien
Once,2007.0,86 min,Drama,7.8,Glen Hansard,Marketa Irglova,Gerard Hendrick
The Hobbit: An Unexpected Journey,2012.0,169 min,Adventure,7.8,Martin Freeman,Ian McKellen,Andy Serkis
Atonement,2007.0,123 min,Drama,7.8,Keira Knightley,James McAvoy,Saoirse Ronan
Drive,2011.0,100 min,Crime,7.8,Ryan Gosling,Carey Mulligan,Albert Brooks
American Gangster,2007.0,157 min,Biography,7.8,Denzel Washington,Russell Crowe,Josh Brolin
Avatar,2009.0,162 min,Action,7.8,Sam Worthington,Zoe Saldana,Michelle Rodriguez
Mr. Nobody,2009.0,141 min,Drama,7.8,Jared Leto,Sarah Polley,Linh Dan Pham
Apocalypto,2006.0,139 min,Action,7.8,Gerardo Taracena,Raoul Max Trujillo,Rudy Youngblood
Little Miss Sunshine,2006.0,101 min,Comedy,7.8,Valerie Faris,Steve Carell,Greg Kinnear
Hot Fuzz,2007.0,121 min,Action,7.8,Simon Pegg,Nick Frost,Bill Nighy
The Curious Case of Benjamin Button,2008.0,166 min,Drama,7.8,Brad Pitt,Cate Blanchett,Julia Ormond
Pride & Prejudice,2005.0,129 min,Drama,7.8,Keira Knightley,Matthew Macfadyen,Donald Sutherland
The World's Fastest Indian,2005.0,127 min,Biography,7.8,Anthony Hopkins,Diane Ladd,Tessa Mitchell
Tokyo Godfathers,2003.0,90 min,Animation,7.8,Shogo Furuya,Toru Emori,Aya Okamoto
Serenity,2005.0,119 min,Action,7.8,Nathan Fillion,Gina Torres,Alan Tudyk
Walk the Line,2005.0,136 min,Biography,7.8,Joaquin Phoenix,Reese Witherspoon,Robert Patrick
Ondskan,2003.0,113 min,Drama,7.8,Andreas Wilson,Henrik Lundstrom,Linda Zilliacus
The Notebook,2004.0,123 min,Drama,7.8,Gena Rowlands,James Garner,Ryan Gosling
Diarios de motocicleta,2004.0,126 min,Adventure,7.8,Gael Garcia Bernal,Rodrigo De la Serna,Mercedes Moran
Lilja 4-ever,2002.0,109 min,Crime,7.8,Oksana Akinshina,Artyom Bogucharskiy,Lyubov Agapova
Les triplettes de Belleville,2003.0,80 min,Animation,7.8,Michele Caucheteux,Jean-Claude Donda,Monica Viegas
Gongdong gyeongbi guyeok JSA,2000.0,110 min,Action,7.8,Lee Yeong-ae,Lee Byung-Hun,Kim Tae-Woo
The Count of Monte Cristo,2002.0,131 min,Action,7.8,Jim Caviezel,Guy Pearce,JB Blanc
Waking Life,2001.0,99 min,Animation,7.8,Ethan Hawke,Trevor Jack Brooks,Wiley Wiggins
